{
    "BPB": {
        "acid": [
            [
                350.0,
                350.0,
                350.0,
                350.0,
                379.0,
                407.0,
                435.0,
                463.0,
                491.0,
                505.0,
                519.0,
                547.0,
                575.0,
                688.0,
                800.0,
                800.0,
                800.0,
                800.0
            ],
            [
                0.12376930696491015,
                0.12108719729885895,
                0.15852364823438095,
                0.35352512414450243,
                0.5000125407644791,
                0.39987542189629716,
                0.21757141697668675,
                0.1188104235678063,
                0.040354765087186766,
                0.006334433956290313,
                0.0011994685059556918,
                -0.0014878307505032011,
                0.0006077441391947038,
                -0.0006283995912691312,
                0.0,
                0.0,
                0.0,
                0.0
            ],
            3
        ],
        "base": [
            [
                350.0,
                350.0,
                350.0,
                350.0,
                365.0,
                379.0,
                393.0,
                400.0,
                407.0,
                435.0,
                463.0,
                491.0,
                519.0,
                533.0,
                547.0,
                554.0,
                561.0,
                575.0,
                583.0,
                584.0,
                585.0,
                587.0,
                590.0,
                597.0,
                601.0,
                604.0,
                608.0,
                611.0,
                618.0,
                625.0,
                632.0,
                646.0,
                660.0,
                688.0,
                800.0,
                800.0,
                800.0,
                800.0
            ],
            [
                0.06555383461282586,
                0.0724087111637388,
                0.09158005451731295,
                0.119201865509671,
                0.09663802163992338,
                0.05689133250738175,
                0.010260084990940804,
                0.014070677440679405,
                0.036081892967057425,
                0.09178081522411834,
                0.1877113114186548,
                0.31775790651420566,
                0.4308474854318427,
                0.5086069981688945,
                0.6012874131020892,
                0.7336197698797126,
                0.9010783096905216,
                0.9524704822868063,
                0.9654558440679318,
                0.9867762524248397,
                1.012792416591719,
                0.9667567495027476,
                0.8284919690174873,
                0.6895422957601351,
                0.5668429575138371,
                0.3889658722442857,
                0.23551826896138425,
                0.11490727697269211,
                0.03967754262658613,
                0.010851497014351027,
                0.0008362487441295817,
                -0.0005514602484846477,
                -7.692268374500952e-05,
                -0.00012746445838657806,
                0.0,
                0.0,
                0.0,
                0.0
            ],
            3
        ]
    },
    "BPB_Cam1": {
        "acid": [
            [
                400.33,
                400.33,
                400.33,
                400.33,
                411.992,
                423.613,
                435.194,
                446.734,
                452.675,
                458.234,
                464.153,
                469.692,
                492.115,
                536.825,
                559.098,
                580.837,
                667.006,
                749.718,
                749.718,
                749.718,
                749.718
            ],
            [
                0.09073688808334757,
                0.07886534022126203,
                0.09077056067300152,
                0.23979766843350814,
                0.31408426168817183,
                0.32616861456595575,
                0.31702744462302207,
                0.29727607814637713,
                0.27081022509710717,
                0.21833257926265173,
                0.08688955055714642,
                0.014230837543752478,
                0.003634329821760298,
                -0.0025451564857512992,
                0.003938925172866216,
                -0.0009406347864718702,
                0.0008432970380298516,
                0.0,
                0.0,
                0.0,
                0.0
            ],
            3
        ],
        "base": [
            [
                400.33,
                400.33,
                400.33,
                400.33,
                411.992,
                423.613,
                435.194,
                446.734,
                492.115,
                536.825,
                547.984,
                559.098,
                570.168,
                580.837,
                591.816,
                597.464,
                602.749,
                613.635,
                624.474,
                646.008,
                667.006,
                749.718,
                749.718,
                749.718,
                749.718
            ],
            [
                0.16108525030879692,
                0.17064926072126932,
                0.13679534829276532,
                0.04038167304204338,
                0.024125893999308222,
                0.037299696764627216,
                0.08310036346418795,
                0.2427483428640264,
                0.4551107330148151,
                0.5460181478342101,
                0.6693748957680008,
                0.8855688417099777,
                1.0196702001883977,
                0.924059545270291,
                0.7070314760358649,
                0.33813159802287457,
                0.051750385614653505,
                0.010398586389042763,
                -0.004908490988466744,
                0.0018463375396394431,
                0.003366194807469309,
                0.0,
                0.0,
                0.0,
                0.0
            ],
            3
        ]
    },
    "MCP": {
        "acid": [
            [
                350.0,
                350.0,
                350.0,
                350.0,
                379.0,
                407.0,
                435.0,
                463.0,
                491.0,
                519.0,
                575.0,
                632.0,
                688.0,
                800.0,
                800.0,
                800.0,
                800.0
            ],
            [
                0.21428268580943155,
                0.1935821200082251,
                0.22174870877478484,
                0.3724907062809548,
                0.46994791392918733,
                0.37865118141673876,
                0.19790876979252728,
                0.025165333073903274,
                0.0008501054653370509,
                0.0017798734979576978,
                0.0005083246387470518,
                0.0010643015179051104,
                0.0004857782953716507,
                0.0,
                0.0,
                0.0,
                0.0
            ],
            3
        ],