{
    "BPB": {
        "acid": [
            [
                350.0,
                350.0,
                350.0,
                350.0,
                379.0,
                407.0,
                435.0,
                463.0,
                491.0,
                505.0,
                519.0,
                547.0,
                575.0,
                688.0,
                800.0,
                800.0,
                800.0,
                800.0
            ],
            [
                0.12376930696491015,
                0.12108719729885895,
                0.15852364823438095,
                0.35352512414450243,
                0.5000125407644791,
                0.39987542189629716,
                0.21757141697668675,
                0.1188104235678063,
                0.040354765087186766,
                0.006334433956290313,
                0.0011994685059556918,
                -0.0014878307505032011,
                0.0006077441391947038,
                -0.0006283995912691312,
                0.0,
                0.0,
                0.0,
                0.0
            ],
            3
        ],
        "base": [
            [
                350.0,
                350.0,
                350.0,
                350.0,
                365.0,
                379.0,
                393.0,
                400.0,
                407.0,
                435.0,
                463.0,
                491.0,
                519.0,
                533.0,
                547.0,
                554.0,
                561.0,
                575.0,
                583.0,
                584.0,
                585.0,
                587.0,
                590.0,
                597.0,
                601.0,
                604.0,
                608.0,
                611.0,
                618.0,
                625.0,
                632.0,
                646.0,
                660.0,
                688.0,
                800.0,
                800.0,
                800.0,
                800.0
            ],
            [
                0.06555383461282586,
                0.0724087111637388,
                0.09158005451731295,
                0.119201865509671,
                0.09663802163992338,
                0.05689133250738175,
                0.010260084990940804,
                0.014070677440679405,
                0.036081892967057425,
                0.09178081522411834,
                0.1877113114186548,
                0.31775790651420566,
                0.4308474854318427,
                0.5086069981688945,
                0.6012874131020892,
                0.7336197698797126,
                0.9010783096905216,
                0.9524704822868063,
                0.9654558440679318,
                0.9867762524248397,
                1.012792416591719,
                0.9667567495027476,
                0.8284919690174873,
                0.6895422957601351,
                0.5668429575138371,
                0.3889658722442857,
                0.23551826896138425,
                0.11490727697269211,
                0.03967754262658613,
                0.010851497014351027,
                0.0008362487441295817,
                -0.0005514602484846477,
                -7.692268374500952e-05,
                -0.00012746445838657806,
                0.0,
                0.0,
                0.0,
                0.0
            ],
            3
        ]
    },
    "MCP": {
        "acid": [
            [
                350.0,
                350.0,
                350.0,
                350.0,
                379.0,
                407.0,
                435.0,
                463.0,
                491.0,
                519.0,
                575.0,
                632.0,
                688.0,
                800.0,
                800.0,
                800.0,
                800.0
            ],
            [
                0.21428268580943155,
                0.1935821200082251,
                0.22174870877478484,
                0.3724907062809548,
                0.46994791392918733,
                0.37865118141673876,
                0.19790876979252728,
                0.025165333073903274,
                0.0008501054653370509,
                0.0017798734979576978,
                0.0005083246387470518,
                0.0010643015179051104,
                0.0004857782953716507,
                0.0,
                0.0,
                0.0,
                0.0
            ],
            3
        ],
        "base": [
            [
                350.0,
                350.0,
                350.0,
                350.0,
                379.0,
                393.0,
                407.0,
                421.0,
                435.0,
                463.0,
                491.0,
                505.0,
                519.0,
                533.0,
                540.0,
                547.0,
                551.0,
                554.0,
                561.0,
                575.0,
                583.0,
                584.0,
                585.0,
                587.0,
                590.0,
                597.0,
                604.0,
                608.0,
                611.0,
                618.0,
                625.0,
                632.0,
                660.0,
                688.0,
                800.0,
                800.0,
                800.0,
                800.0
            ],
            [
                0.18970260716089266,
                0.22507573064641667,
                0.28761833813720306,
                0.20451579393870667,
                0.09852665247486829,
                0.05137589996370329,
                0.05944699373116416,
                0.11508598336350975,
                0.2115234012541455,
                0.32458816020207326,
                0.4318315826545573,
                0.539701271969686,
                0.639929575930708,
                0.7085231536987237,
                0.7550206882678006,
                0.8136431748616463,
                0.9076029696788604,
                1.0082724726794192,
                1.0004668061234503,
                0.9747765579733791,
                0.952834034888266,
                0.9329956675668425,
                0.8712971894922749,
                0.7692427045880873,
                0.6133161148304971,
                0.5072431873435629,
                0.3955675738055515,
                0.29051846376887314,
                0.18159966717628348,
                0.04679171520518407,
                0.00539768640398133,
                -0.0031071873379929144,
                0.0011130908371073988,
                -0.0006747343089661155,
                0.0,
                0.0,
                0.0,
                0.0
            ],
            3
        ]
    }
}